Position Title,Apply,Company,Job Function
Software Development Engineer I,https://jobright.ai/jobs/info/68cfc808846f0b04af68505e?utm_source=1100&utm_campaign=Software Engineering,Optimum,Software Engineering
Java Software Engineer,https://jobright.ai/jobs/info/68d43a0817554c2d9eef7267?utm_source=1100&utm_campaign=Software Engineering,BeaconFire Solution Inc.,Software Engineering
Software Engineer - New Grad 2026,https://jobright.ai/jobs/info/68d1ab29a54edb3bf3e14aff?utm_source=1100&utm_campaign=Software Engineering,Nextdoor,Software Engineering
"New Grad 2026 - Technology, Software Development",https://jobright.ai/jobs/info/68cd78ee1ad6b16f02899fb1?utm_source=1100&utm_campaign=Software Engineering,LPL Financial,Software Engineering
Software Development Engineer: Entry-Level,https://jobright.ai/jobs/info/68c82900983e6768bc54a4d6?utm_source=1100&utm_campaign=Software Engineering,Qumulo,Software Engineering
10770 - Software Engineer I,https://jobright.ai/jobs/info/68bf71218e65e77df55ba487?utm_source=1100&utm_campaign=Software Engineering,Hyundai AutoEver America,Software Engineering
Software Engineer - New Grad,https://jobright.ai/jobs/info/68cf5685846f0b04af681243?utm_source=1100&utm_campaign=Software Engineering,Scale AI,Software Engineering
Software Developer,https://jobright.ai/jobs/info/68c7c6165c38e536d41a6bf3?utm_source=1100&utm_campaign=Software Engineering,DP World,Software Engineering
Software Developer Full Stack C# / .NET - Hybrid,https://jobright.ai/jobs/info/68cd532a1ad6b16f02897e13?utm_source=1100&utm_campaign=Software Engineering,TruStage,Software Engineering
Software Engineer,https://jobright.ai/jobs/info/68cd5f4be23def7af55b9197?utm_source=1100&utm_campaign=Software Engineering,Adobe,Software Engineering
Associate Product Manager (Hardware),https://jobright.ai/jobs/info/68cd4b0c1ad6b16f028979ca?utm_source=1047&utm_campaign=full_time_airtable,Sunco.com,Software Engineering
Product Owner – Copilot Solutions,https://jobright.ai/jobs/info/68d77a7a295f8e37655dacbe?utm_source=1047&utm_campaign=full_time_airtable,Andersen Corporation,full_time_airtable
Associate Product Manager (APM) - FIFA World Cup 26™,https://jobright.ai/jobs/info/68cf5c2bdbd9fb154ede741e?utm_source=1047&utm_campaign=full_time_airtable,On Location,full_time_airtable
Product Genius-BMW of Peabody,https://jobright.ai/jobs/info/68db96ee34f2c406da6db651?utm_source=1047&utm_campaign=full_time_airtable,Lyon-Waugh Auto Group,full_time_airtable
Product Manager,https://jobright.ai/jobs/info/68db49eee19b9e63ba20a55a?utm_source=1047&utm_campaign=full_time_airtable,Microsoft,full_time_airtable
Product Operations Specialist | Procurement,https://jobright.ai/jobs/info/68db3b9634f2c406da6d57c7?utm_source=1047&utm_campaign=full_time_airtable,Ramp,full_time_airtable
Associate-Digital Product Management,https://jobright.ai/jobs/info/68db12a16df7b8311bb15e62?utm_source=1047&utm_campaign=full_time_airtable,American Express,full_time_airtable
Product Demonstrator Part Time - 6512,https://jobright.ai/jobs/info/68db0fbb6df7b8311bb15e00?utm_source=1047&utm_campaign=full_time_airtable,Acosta,full_time_airtable
Product Demonstrator Part Time - 6256,https://jobright.ai/jobs/info/68db0e93e9b48513789b195c?utm_source=1047&utm_campaign=full_time_airtable,Acosta,full_time_airtable
Product Demonstrator Part Time - 4808,https://jobright.ai/jobs/info/68db0e67e9b48513789b18d2?utm_source=1047&utm_campaign=full_time_airtable,Acosta,full_time_airtable
Fashion Team Associate,https://jobright.ai/jobs/info/68bfa1cc702aa35207aa81ff?utm_source=1100&utm_campaign=Arts and Entertainment,Walmart,full_time_airtable
Extra Help Stagehand - 50 vacancies,https://jobright.ai/jobs/info/68749484ae2f413e4a59d9f4?utm_source=1100&utm_campaign=Arts and Entertainment,University of Illinois Springfield,Arts and Entertainment
Production Associate - Garment Hanger/Inspector - 2nd Shift,https://jobright.ai/jobs/info/68a35d7a1ab5f8579e8a5022?utm_source=1100&utm_campaign=Arts and Entertainment,Cintas,Arts and Entertainment
"Associate or Senior Editor, Nature Photonics",https://jobright.ai/jobs/info/68db9ae734f2c406da6dbba8?utm_source=1100&utm_campaign=Arts and Entertainment,Nature Portfolio,Arts and Entertainment
"Associate or Senior Editor, Nature Sensors",https://jobright.ai/jobs/info/68db9adf9f13662d20e4f356?utm_source=1100&utm_campaign=Arts and Entertainment,Nature Portfolio,Arts and Entertainment
News Producer,https://jobright.ai/jobs/info/68db9ab734f2c406da6dbb11?utm_source=1100&utm_campaign=Arts and Entertainment,National Association of Black Journalists (NABJ),Arts and Entertainment
"Creative Services Coordinator, Amazon MGM Studios Theatrical",https://jobright.ai/jobs/info/68db9a719f13662d20e4f207?utm_source=1100&utm_campaign=Arts and Entertainment,Amazon,Arts and Entertainment
"Associate or Senior Editor, Nature Climate Change",https://jobright.ai/jobs/info/68db9a44e19b9e63ba20fe71?utm_source=1100&utm_campaign=Arts and Entertainment,Nature Portfolio,Arts and Entertainment
Hanger/Textiles,https://jobright.ai/jobs/info/68d711e2d3fe025a3015eab6?utm_source=1100&utm_campaign=Arts and Entertainment,Goodwill Industries of Northwest NC,Arts and Entertainment
Hanger/Textiles,https://jobright.ai/jobs/info/68d75dbf61a175619f8ca28b?utm_source=1100&utm_campaign=Arts and Entertainment,Goodwill Industries of Northwest NC,Arts and Entertainment
Associate Attorney,https://jobright.ai/jobs/info/68d2afee17554c2d9eee8dda?utm_source=1100&utm_campaign=Legal and Compliance,Frankl Kominsky Injury Lawyers,Arts and Entertainment
Compliance Analyst,https://jobright.ai/jobs/info/68cbae20ba798c1a501d3ec1?utm_source=1100&utm_campaign=Legal and Compliance,Rush Street Interactive,Legal and Compliance
"Associate – Corporate (Structured Finance, CLOs & Alternative Assets) – New York",https://jobright.ai/jobs/info/68bf61245c5d5f14f46d65e0?utm_source=1100&utm_campaign=Legal and Compliance,McDermott Will & Schulte,Legal and Compliance
Staff Attorney - Public Benefits (HIV + Legal Project),https://jobright.ai/jobs/info/68db9a62e19b9e63ba20fec9?utm_source=1100&utm_campaign=Legal and Compliance,Legal Aid Chicago,Legal and Compliance
Regulatory Analyst,https://jobright.ai/jobs/info/68c25d6033864f172f9c001d?utm_source=1100&utm_campaign=Legal and Compliance,NiSource,Legal and Compliance
APS INVESTIGATIVE SPECIALIST 1* - 09302025-71584,https://jobright.ai/jobs/info/68db709834f2c406da6d815a?utm_source=1100&utm_campaign=Legal and Compliance,State of Tennessee,Legal and Compliance
"Claims Assistant - Liability - Eden Prairie, MN",https://jobright.ai/jobs/info/68db6c7ae19b9e63ba20bef8?utm_source=1100&utm_campaign=Legal and Compliance,Sedgwick,Legal and Compliance
Associate Litigation Attorney,https://jobright.ai/jobs/info/68db645c34f2c406da6d7808?utm_source=1100&utm_campaign=Legal and Compliance,North State Law,Legal and Compliance
Claims Senior Auto Adjuster,https://jobright.ai/jobs/info/68db602de19b9e63ba20b64e?utm_source=1100&utm_campaign=Legal and Compliance,AAA Auto Club Enterprises,Legal and Compliance
Claims Senior Auto Adjuster,https://jobright.ai/jobs/info/68db5c5f34f2c406da6d72f1?utm_source=1100&utm_campaign=Legal and Compliance,AAA Auto Club Enterprises,Legal and Compliance
Transition Navigator,https://jobright.ai/jobs/info/68700ec7a5ae807a59cf55b0?utm_source=1100&utm_campaign=Education and Training,The New Foster Care,Legal and Compliance
Activity Coordinator - ALZ,https://jobright.ai/jobs/info/68dbab7baa5f2e0e3c2f6037?utm_source=1100&utm_campaign=Education and Training,Ivy Living,Education and Training
"Fitness Trainer Customer Service Sales in Leander, TX",https://jobright.ai/jobs/info/68db9a7134f2c406da6dba01?utm_source=1100&utm_campaign=Education and Training,9Round Kickboxing Fitness,Education and Training
PreK Counts Aide,https://jobright.ai/jobs/info/68db97749f13662d20e4ec57?utm_source=1100&utm_campaign=Education and Training,The Learning Lamp,Education and Training
Registered Behavior Tech - Evenings,https://jobright.ai/jobs/info/68db97159f13662d20e4ebec?utm_source=1100&utm_campaign=Education and Training,Maxim Healthcare,Education and Training
VEN Centers Outreach Specialist (Weekends),https://jobright.ai/jobs/info/689fd0a4cc9ee94dc911a04e?utm_source=1100&utm_campaign=Education and Training,Arizona Liver Health,Education and Training
Assistant/Associate Teaching Professor of Mechanical Engineering for the Engineering Partnership Program at Colorado Mesa University,https://jobright.ai/jobs/info/68db92609f13662d20e4e260?utm_source=1100&utm_campaign=Education and Training,University of Colorado Boulder,Education and Training
Assistant Professor - Computer Engineering (AY 26/27),https://jobright.ai/jobs/info/68db8f3ae19b9e63ba20e6b8?utm_source=1100&utm_campaign=Education and Training,California Polytechnic State University (Cal Poly),Education and Training
Behavioral Aide (Paid Training!),https://jobright.ai/jobs/info/68db868434f2c406da6d9179?utm_source=1100&utm_campaign=Education and Training,Maxim Healthcare,Education and Training
Adult Training Facility Instructor - Direct Support Professional,https://jobright.ai/jobs/info/68db830134f2c406da6d8ce4?utm_source=1100&utm_campaign=Education and Training,Via of the Lehigh Valley,Education and Training
Creative Services Producer,https://jobright.ai/jobs/info/68bf34018e65e77df55b833c?utm_source=1100&utm_campaign=Creatives and Design,"Nexstar Media Group, Inc.",Education and Training
"Early Career, Product Designer (2026)",https://jobright.ai/jobs/info/68ccca40d99309000e5a3532?utm_source=1100&utm_campaign=Creatives and Design,Figma,Creatives and Design
Art Director (Content Creator),https://jobright.ai/jobs/info/68db6b2ae19b9e63ba20be6e?utm_source=1100&utm_campaign=Creatives and Design,VML,Creatives and Design
UGC Content Creator,https://jobright.ai/jobs/info/68db5451e19b9e63ba20acdf?utm_source=1100&utm_campaign=Creatives and Design,High Scale,Creatives and Design
Associate Product Designer - Kids Home,https://jobright.ai/jobs/info/68db3b8034f2c406da6d57a3?utm_source=1100&utm_campaign=Creatives and Design,Target,Creatives and Design
FP Movement Assistant Visual Manager,https://jobright.ai/jobs/info/68db3457e19b9e63ba2093b9?utm_source=1100&utm_campaign=Creatives and Design,Free People,Creatives and Design
FP Movement Assistant Visual Manager,https://jobright.ai/jobs/info/68db34379f13662d20e487fc?utm_source=1100&utm_campaign=Creatives and Design,Free People,Creatives and Design
Website Design & Development Services,https://jobright.ai/jobs/info/68db2a9b0dffed6f83d2cd7d?utm_source=1100&utm_campaign=Creatives and Design,World Renew,Creatives and Design
Junior Art Director,https://jobright.ai/jobs/info/68db25d70dffed6f83d2cbd6?utm_source=1100&utm_campaign=Creatives and Design,McCann,Creatives and Design
Design Graduate (TikTok Shop Creative Design) - 2026 Start (BS/MS),https://jobright.ai/jobs/info/68db15d26df7b8311bb15f55?utm_source=1100&utm_campaign=Creatives and Design,TikTok,Creatives and Design
IT Support Specialist,https://jobright.ai/jobs/info/68b904c107090163b6ba6ee3?utm_source=1100&utm_campaign=Customer Service and Support,Nooks,Creatives and Design
"Field Service Professional - Newark, NJ",https://jobright.ai/jobs/info/687941792097a271a8975d16?utm_source=1100&utm_campaign=Customer Service and Support,Vivint,Customer Service and Support
Teller I (20 Hours Weekly) - Rye Brook (Bilingual Spanish Preferred),https://jobright.ai/jobs/info/68d329468c62e63bc7fde45a?utm_source=1100&utm_campaign=Customer Service and Support,TD,Customer Service and Support
Surgical Technologist / Operating Room,https://jobright.ai/jobs/info/68d91dd49a8e451a446a4446?utm_source=1100&utm_campaign=Customer Service and Support,Mass General Brigham,Customer Service and Support
CT Technologist,https://jobright.ai/jobs/info/68bf7c178e65e77df55ba9c8?utm_source=1100&utm_campaign=Customer Service and Support,HCA HealthONE,Customer Service and Support
Online Order Filling Team Associate,https://jobright.ai/jobs/info/68bfa3e28e65e77df55bc2db?utm_source=1100&utm_campaign=Customer Service and Support,Walmart,Customer Service and Support
Online Order Filling Team Associate,https://jobright.ai/jobs/info/68c0396b5c5d5f14f46dbe1f?utm_source=1100&utm_campaign=Customer Service and Support,Walmart,Customer Service and Support
Customer Service Advisor,https://jobright.ai/jobs/info/68c97783f9c6ff7aedf1a132?utm_source=1100&utm_campaign=Customer Service and Support,bet365,Customer Service and Support
Certified Central Sterile Tech,https://jobright.ai/jobs/info/68bf80a85c5d5f14f46d7766?utm_source=1100&utm_campaign=Customer Service and Support,Riverside Community Hospital,Customer Service and Support
Online Order Filling Team Associate,https://jobright.ai/jobs/info/68cbfc627342c7623ae5cebd?utm_source=1100&utm_campaign=Customer Service and Support,Walmart,Customer Service and Support
UTS - Temporary General Talent Pool at NC State and UNC Chapel Hill,https://jobright.ai/jobs/info/6874c596ae2f413e4a5a0321?utm_source=1100&utm_campaign=Human Resources,North Carolina State University,Customer Service and Support
National Sales Recruiter,https://jobright.ai/jobs/info/68b89566ea901c0d269f7b01?utm_source=1100&utm_campaign=Human Resources,Total Quality Logistics,Human Resources
Talent Coordinator,https://jobright.ai/jobs/info/68ce9904846f0b04af67b6c0?utm_source=1100&utm_campaign=Human Resources,Hearst Magazines,Human Resources
National Sales Recruiter,https://jobright.ai/jobs/info/6893a747f47efe2113965c1c?utm_source=1100&utm_campaign=Human Resources,Total Quality Logistics,Human Resources
Entry Level Recruiter,https://jobright.ai/jobs/info/6893a833f47efe2113965caa?utm_source=1100&utm_campaign=Human Resources,Total Quality Logistics,Human Resources
Employee Relations Advisor I,https://jobright.ai/jobs/info/68dba84203201f2f00c3502e?utm_source=1100&utm_campaign=Human Resources,Maxim Healthcare,Human Resources
Recruiter Trainee,https://jobright.ai/jobs/info/68dba813aa5f2e0e3c2f56fc?utm_source=1100&utm_campaign=Human Resources,Maxim Healthcare,Human Resources
Staffing Coordinator,https://jobright.ai/jobs/info/68dba80aaa5f2e0e3c2f56d6?utm_source=1100&utm_campaign=Human Resources,The Grand Healthcare System,Human Resources
Donor Resource Coordinator,https://jobright.ai/jobs/info/68dba4b53d59b17e43bcec27?utm_source=1100&utm_campaign=Human Resources,Gift of Hope Organ & Tissue Donor Network,Human Resources
Healthcare Recruiter,https://jobright.ai/jobs/info/68db97a89f13662d20e4ec8d?utm_source=1100&utm_campaign=Human Resources,Maxim Healthcare,Human Resources
Commercial Operations Specialist,https://jobright.ai/jobs/info/68d6e993d3fe025a3015cfe1?utm_source=1100&utm_campaign=Management and Executive,Czinger Vehicles,Human Resources
Business Operations Specialist,https://jobright.ai/jobs/info/68a566da758f2e4ac3fded1e?utm_source=1100&utm_campaign=Management and Executive,99 Ranch Market,Management and Executive
"Development Associate, College of Natural Sciences Development Office",https://jobright.ai/jobs/info/68cc75ba128dc347fd9255a2?utm_source=1100&utm_campaign=Management and Executive,The University of Texas at Austin,Management and Executive
Assistant Program Manager - ACCS,https://jobright.ai/jobs/info/68d400cf8c62e63bc7fe5481?utm_source=1100&utm_campaign=Management and Executive,Eliot Community Human Services,Management and Executive
"Hollister Co. - Assistant Manager, Ocean County",https://jobright.ai/jobs/info/68c04274702aa35207aab7e6?utm_source=1100&utm_campaign=Management and Executive,Abercrombie & Fitch Co.,Management and Executive
Branch Office Administrator,https://jobright.ai/jobs/info/68bfb5e65c5d5f14f46d949b?utm_source=1100&utm_campaign=Management and Executive,Edward Jones,Management and Executive
Branch Office Administrator,https://jobright.ai/jobs/info/68c00d71702aa35207aaaa20?utm_source=1100&utm_campaign=Management and Executive,Edward Jones,Management and Executive
Financial Consultant,https://jobright.ai/jobs/info/68d410b317554c2d9eef5b27?utm_source=1100&utm_campaign=Management and Executive,Equitable Advisors,Management and Executive
Community Manager,https://jobright.ai/jobs/info/68a3d46a403ad4363b1c4203?utm_source=1100&utm_campaign=Management and Executive,Associa,Management and Executive
Project Control Analyst I (3649),https://jobright.ai/jobs/info/68bf0f8f5c5d5f14f46d34c0?utm_source=1100&utm_campaign=Management and Executive,Navarro Research and Engineering,Management and Executive
Software Engineer,https://jobright.ai/jobs/info/68cd5f4be23def7af55b9197?utm_source=1114&utm_campaign=New Grad Data Engineer,Adobe,Management and Executive
"Data Engineer, Stores Ads Science",https://jobright.ai/jobs/info/68db9aa6e19b9e63ba20ff99?utm_source=1114&utm_campaign=New Grad Data Engineer,Amazon,New Grad Data Engineer
Software Engineer,https://jobright.ai/jobs/info/68db49d2e19b9e63ba20a4ef?utm_source=1114&utm_campaign=New Grad Data Engineer,Microsoft,New Grad Data Engineer
Data Analyst Associate - Early Career,https://jobright.ai/jobs/info/68db2ae1e9b48513789b23e1?utm_source=1114&utm_campaign=New Grad Data Engineer,Lockheed Martin,New Grad Data Engineer
"Software Engineer - Pricing, Fullstack (Go, SQL, Typescript )",https://jobright.ai/jobs/info/68db13d0e9b48513789b1b3f?utm_source=1114&utm_campaign=New Grad Data Engineer,Opendoor,New Grad Data Engineer
"Data Engineer, Stores Ads Science",https://jobright.ai/jobs/info/68db0a7c6df7b8311bb159ec?utm_source=1114&utm_campaign=New Grad Data Engineer,Amazon,New Grad Data Engineer
Developer I,https://jobright.ai/jobs/info/68db06be6df7b8311bb156e7?utm_source=1114&utm_campaign=New Grad Data Engineer,NYU Langone Health,New Grad Data Engineer
Data Engineer (Direct To Cell),https://jobright.ai/jobs/info/68dae6dc07c157682e56f355?utm_source=1114&utm_campaign=New Grad Data Engineer,SpaceX,New Grad Data Engineer
Data Engineer,https://jobright.ai/jobs/info/68dae65d07c157682e56f23c?utm_source=1114&utm_campaign=New Grad Data Engineer,Booz Allen Hamilton,New Grad Data Engineer
Data Engineer (Direct To Cell),https://jobright.ai/jobs/info/68dab9956df7b8311bb11895?utm_source=1114&utm_campaign=New Grad Data Engineer,SpaceX,New Grad Data Engineer
Outside Sales Representative,https://jobright.ai/jobs/info/68c9f09bd10eb800af148510?utm_source=1100&utm_campaign=Sales,Jacuzzi Group,New Grad Data Engineer
Associate Sales Manager,https://jobright.ai/jobs/info/68d6e9b745853d0e39ccaf10?utm_source=1100&utm_campaign=Sales,"Ameriprise Financial Services, LLC",Sales
"Account Executive, TPO",https://jobright.ai/jobs/info/686bc7f535584b6542a5a149?utm_source=1100&utm_campaign=Sales,Carrington Wholesale,Sales
Sales Development Representative (Bilingual - English & Spanish),https://jobright.ai/jobs/info/68ae892dd627244576e54c2a?utm_source=1100&utm_campaign=Sales,Agora,Sales
Field Sales Executive,https://jobright.ai/jobs/info/68d40fbf8c62e63bc7fe5930?utm_source=1100&utm_campaign=Sales,FindLaw,Sales
Insurance Sales Agent,https://jobright.ai/jobs/info/67804796db07aa0f3ce4d9e7?utm_source=1100&utm_campaign=Sales,Bankers Life,Sales
Field Sales Executive,https://jobright.ai/jobs/info/68910051f5ee707a15dbb31b?utm_source=1100&utm_campaign=Sales,FindLaw,Sales
Territory Sales Manager,https://jobright.ai/jobs/info/68a38cdc37d3cc6b0d578032?utm_source=1100&utm_campaign=Sales,"Insight Merchant Solutions, Inc.",Sales
Client Relations Specialist - Fast Track Opportunity to Freight Broker,https://jobright.ai/jobs/info/687c3131ed63844c944ac82d?utm_source=1100&utm_campaign=Sales,C.H. Robinson,Sales
Inside Sales Representative,https://jobright.ai/jobs/info/65ebb7f3cb20a93d51b270d1?utm_source=1100&utm_campaign=Sales,Martindale-Avvo,Sales
Commercial Construction Project Engineer,https://jobright.ai/jobs/info/68d6ba54d3fe025a3015b8ba?utm_source=1100&utm_campaign=Engineering and Development,HITT Contracting Inc.,Sales
"Analyst, Revenue Strategy (Remote)",https://jobright.ai/jobs/info/68d62b22ebcef82ef5cf70d3?utm_source=1100&utm_campaign=Engineering and Development,Sonesta International Hotels,Engineering and Development
Guidance and Control Engineer,https://jobright.ai/jobs/info/68b9ecaf8043103d4f21be95?utm_source=1100&utm_campaign=Engineering and Development,The Applied Research Laboratory at Penn State University,Engineering and Development
2026 Associate Test Engineer / 2026 Test Engineer - Roy UT - R10208682,https://jobright.ai/jobs/info/68d2546017554c2d9eee710e?utm_source=1100&utm_campaign=Engineering and Development,Northrop Grumman,Engineering and Development
Office Engineer,https://jobright.ai/jobs/info/68665b3d496d8b6c65fc44f4?utm_source=1100&utm_campaign=Engineering and Development,WSP in the U.S.,Engineering and Development
Mechanical Designer,https://jobright.ai/jobs/info/68cda6bce23def7af55bd531?utm_source=1100&utm_campaign=Engineering and Development,H&H,Engineering and Development
Network Specialist I,https://jobright.ai/jobs/info/68d4981d8c62e63bc7feac42?utm_source=1100&utm_campaign=Engineering and Development,Texas Health and Human Services,Engineering and Development
Entry-Level Engineering Manager,https://jobright.ai/jobs/info/68a361be1ab5f8579e8a51d2?utm_source=1100&utm_campaign=Engineering and Development,Procter & Gamble,Engineering and Development
Custodial,https://jobright.ai/jobs/info/68bef3c55c5d5f14f46d2657?utm_source=1100&utm_campaign=Engineering and Development,Walmart,Engineering and Development
Associate Engineer - New Graduate,https://jobright.ai/jobs/info/68cd4a8ab2a74e1837ed4f88?utm_source=1100&utm_campaign=Engineering and Development,Exelon,Engineering and Development
Data Analyst,https://jobright.ai/jobs/info/68cda5cc1ad6b16f0289ccc0?utm_source=1100&utm_campaign=Data Analysis,iSoftStone,Engineering and Development
Data and AI Analyst,https://jobright.ai/jobs/info/68ce70efdbd9fb154eddfa7e?utm_source=1100&utm_campaign=Data Analysis,Accenture Federal Services,Data Analysis
Address Validation Coordinator,https://jobright.ai/jobs/info/68db972334f2c406da6db74c?utm_source=1100&utm_campaign=Data Analysis,FastBridge Fiber,Data Analysis
Research Specialist (Geospatial/Stats Focus),https://jobright.ai/jobs/info/68cce60ed11b445e0bee3e3c?utm_source=1100&utm_campaign=Data Analysis,CNA Corporation,Data Analysis
Junior Data Analyst,https://jobright.ai/jobs/info/68db728fe19b9e63ba20c318?utm_source=1100&utm_campaign=Data Analysis,Peraton,Data Analysis
Business Analyst I,https://jobright.ai/jobs/info/68db610f34f2c406da6d7590?utm_source=1100&utm_campaign=Data Analysis,Intelliswift - An LTTS Company,Data Analysis
RevOps Analyst,https://jobright.ai/jobs/info/68db43c234f2c406da6d5c7f?utm_source=1100&utm_campaign=Data Analysis,Second Nature,Data Analysis
Junior Data Analyst,https://jobright.ai/jobs/info/68db36c334f2c406da6d55ad?utm_source=1100&utm_campaign=Data Analysis,Peraton,Data Analysis
Salesforce Associate,https://jobright.ai/jobs/info/68db348334f2c406da6d549d?utm_source=1100&utm_campaign=Data Analysis,Hightower Advisors,Data Analysis
2025-2026 College Basketball Scout (Texas Tech),https://jobright.ai/jobs/info/68db2b51e9b48513789b2585?utm_source=1100&utm_campaign=Data Analysis,Sports Info Solutions,Data Analysis
Associate Business Analyst,https://jobright.ai/jobs/info/68db7c0de19b9e63ba20c81c?utm_source=1100&utm_campaign=Business Analyst,Spectrum,Data Analysis
Business Analyst I,https://jobright.ai/jobs/info/68db610f34f2c406da6d7590?utm_source=1100&utm_campaign=Business Analyst,Intelliswift - An LTTS Company,Business Analyst
Assoc Business Analyst - DER Interconnection,https://jobright.ai/jobs/info/68db43929f13662d20e490b4?utm_source=1100&utm_campaign=Business Analyst,Delmarva Power,Business Analyst
Assoc Business Analyst - DER Interconnection,https://jobright.ai/jobs/info/68db403c34f2c406da6d5a1b?utm_source=1100&utm_campaign=Business Analyst,Exelon,Business Analyst
Supply Chain Analyst,https://jobright.ai/jobs/info/68db37c134f2c406da6d5622?utm_source=1100&utm_campaign=Business Analyst,Motorola Solutions,Business Analyst
Assoc Business Analyst - DER Interconnection,https://jobright.ai/jobs/info/68db36969f13662d20e489a9?utm_source=1100&utm_campaign=Business Analyst,Exelon,Business Analyst
Assoc Business Analyst - DER Interconnection,https://jobright.ai/jobs/info/68db34ac34f2c406da6d54e9?utm_source=1100&utm_campaign=Business Analyst,ComEd,Business Analyst
Entry Level Business Analyst,https://jobright.ai/jobs/info/68db15420dffed6f83d2c623?utm_source=1100&utm_campaign=Business Analyst,Simpalm | Digital Innovation,Business Analyst
Supply Chain Analyst,https://jobright.ai/jobs/info/68daf14d0dffed6f83d2ae60?utm_source=1100&utm_campaign=Business Analyst,Motorola Solutions,Business Analyst
Data Business Analyst,https://jobright.ai/jobs/info/68db02cf6df7b8311bb1559b?utm_source=1100&utm_campaign=Business Analyst,Fastenal,Business Analyst
"Investment Banking Analyst, TMT",https://jobright.ai/jobs/info/68b705fcf4e41a61efd9511c?utm_source=1100&utm_campaign=Accounting and Finance,Jefferies,Business Analyst
Financial Planner,https://jobright.ai/jobs/info/67a6415ee73ad65a6fa154be?utm_source=1100&utm_campaign=Accounting and Finance,Prudential Financial,Accounting and Finance
Accounts Payable Associate,https://jobright.ai/jobs/info/650a43c688315a0a883f6363?utm_source=1100&utm_campaign=Accounting and Finance,HUB International,Accounting and Finance
Financial Advisor,https://jobright.ai/jobs/info/68bfb5d95c5d5f14f46d9493?utm_source=1100&utm_campaign=Accounting and Finance,Edward Jones,Accounting and Finance
Project Accountant,https://jobright.ai/jobs/info/68d5b8c463d77d6f6f3f1cc4?utm_source=1100&utm_campaign=Accounting and Finance,H&H,Accounting and Finance
"Tax and Audit Associate - Spring 2026 - Baltimore, MD",https://jobright.ai/jobs/info/68bf751b702aa35207aa683a?utm_source=1100&utm_campaign=Accounting and Finance,CLA (CliftonLarsonAllen),Accounting and Finance
Financial Professional,https://jobright.ai/jobs/info/68d411cf17554c2d9eef5c65?utm_source=1100&utm_campaign=Accounting and Finance,Equitable Advisors,Accounting and Finance
Staff Accountant- Tax Services,https://jobright.ai/jobs/info/68cd5c4ce23def7af55b8b50?utm_source=1100&utm_campaign=Accounting and Finance,Copeland Buhl ,Accounting and Finance
"Global Investment Research, Equity Research, Healthcare-Tools, Diagnostics, and CRO",https://jobright.ai/jobs/info/68cce0df77add66568abb2b6?utm_source=1100&utm_campaign=Accounting and Finance,Goldman Sachs,Accounting and Finance
Financial Analyst I,https://jobright.ai/jobs/info/68c7bc075c38e536d41a5c19?utm_source=1100&utm_campaign=Accounting and Finance,Fujitsu Network Communications,Accounting and Finance
"Research Scientist, AI for Climate and Weather Simulation - New College Grad 2025",https://jobright.ai/jobs/info/68cd47eee23def7af55b79a4?utm_source=1100&utm_campaign=ml,NVIDIA,Accounting and Finance
Data and AI Analyst,https://jobright.ai/jobs/info/68ce70efdbd9fb154eddfa7e?utm_source=1100&utm_campaign=ml,Accenture Federal Services,ml
"Software Engineer II, Backend (ML Platform)",https://jobright.ai/jobs/info/68cd2232b2a74e1837ed2fc5?utm_source=1100&utm_campaign=ml,Affirm,ml
Human Frontier Collective Fellow - GenAI (US - Remote),https://jobright.ai/jobs/info/68db963ee19b9e63ba20f73c?utm_source=1100&utm_campaign=ml,Scale AI,ml
"Postdoctoral Fellow, Scientific Machine Learning for Oncology Digital Twins",https://jobright.ai/jobs/info/68db8e5e34f2c406da6d9b40?utm_source=1100&utm_campaign=ml,Genentech,ml
"Engineer, Enterprise AI",https://jobright.ai/jobs/info/68db49499f13662d20e496f8?utm_source=1100&utm_campaign=ml,T-Mobile,ml
Deep Learning Algorithm Engineer - New College Graduate 2025,https://jobright.ai/jobs/info/68db4817e19b9e63ba209e0a?utm_source=1100&utm_campaign=ml,NVIDIA,ml
"Postdoctoral Fellow, Scientific Machine Learning for Oncology Digital Twins",https://jobright.ai/jobs/info/68db438d9f13662d20e490ab?utm_source=1100&utm_campaign=ml,Roche,ml
Research Fellow-BST-AI and Informatics-Tao lab,https://jobright.ai/jobs/info/68db40eb34f2c406da6d5ba5?utm_source=1100&utm_campaign=ml,Mayo Clinic,ml
Research Fellow-BST-AI and Informatics-Tao lab,https://jobright.ai/jobs/info/68db18a30dffed6f83d2c7b1?utm_source=1100&utm_campaign=ml,Mayo Clinic Healthcare London,ml
Financial Consultant,https://jobright.ai/jobs/info/68d410b317554c2d9eef5b27?utm_source=1100&utm_campaign=Consulting,Equitable Advisors,ml
"Associate Project Consultant, Building Technology 2026",https://jobright.ai/jobs/info/68bf60b95c5d5f14f46d656f?utm_source=1100&utm_campaign=Consulting,Simpson Gumpertz & Heger (SGH),Consulting
"Consultant - Life Sciences Advisory, Health Segment - Campus 2026",https://jobright.ai/jobs/info/68c984f8a0c52d598ea38193?utm_source=1100&utm_campaign=Consulting,Guidehouse,Consulting
Incident Response Consultant,https://jobright.ai/jobs/info/68cd5c0fe23def7af55b8ae6?utm_source=1100&utm_campaign=Consulting,Crowe,Consulting
Branch Banking Client Consultant I,https://jobright.ai/jobs/info/68dba43d3d59b17e43bcea80?utm_source=1100&utm_campaign=Consulting,Flagstar Bank,Consulting
ServiceNow Implementation Consultant,https://jobright.ai/jobs/info/68cd1405b2a74e1837ed1ff5?utm_source=1100&utm_campaign=Consulting,Crowe,Consulting
DHS LICENSING CONSULTANT 1* - 09232025-71337,https://jobright.ai/jobs/info/68d251f4a54edb3bf3e1d83e?utm_source=1100&utm_campaign=Consulting,State of Tennessee,Consulting
IHFS Consultant,https://jobright.ai/jobs/info/68c87c5695f5211cd2ce5ce9?utm_source=1100&utm_campaign=Consulting,Boys Town,Consulting
Retail Consultant,https://jobright.ai/jobs/info/68db48519f13662d20e492f2?utm_source=1100&utm_campaign=Consulting,RACQ,Consulting
Experienced Associate – Financial Services Risk and Controls Consulting,https://jobright.ai/jobs/info/68db2fa50dffed6f83d2d165?utm_source=1100&utm_campaign=Consulting,RSM US LLP,Consulting
Attribution Specialist - Ready to Wear,https://jobright.ai/jobs/info/68b730141ade4306aa648424?utm_source=1100&utm_campaign=Marketing,Macy's,Consulting
Social Creator/Editor - Shark Beauty,https://jobright.ai/jobs/info/68bfbe5f8e65e77df55bcd06?utm_source=1100&utm_campaign=Marketing,SharkNinja,Marketing
"Marketing Assistant, Legal",https://jobright.ai/jobs/info/68dba89103201f2f00c3515a?utm_source=1100&utm_campaign=Marketing,Scorpion,Marketing
Field Marketing Manager,https://jobright.ai/jobs/info/68db9b0d34f2c406da6dbc27?utm_source=1100&utm_campaign=Marketing,CLAM Associates,Marketing
Retail Brand Ambassador,https://jobright.ai/jobs/info/68db9a70e19b9e63ba20feee?utm_source=1100&utm_campaign=Marketing,Renuity,Marketing
Copywriter (Content Creator),https://jobright.ai/jobs/info/68db6f0de19b9e63ba20c13b?utm_source=1100&utm_campaign=Marketing,VML,Marketing
Digital Marketing Specialist,https://jobright.ai/jobs/info/68db6c029f13662d20e4b237?utm_source=1100&utm_campaign=Marketing,Summit Automotive Partners,Marketing
Brand Ambassador,https://jobright.ai/jobs/info/68db5ff3e19b9e63ba20b560?utm_source=1100&utm_campaign=Marketing,Gravina's Window Center of Littleton,Marketing
Brand Ambassador,https://jobright.ai/jobs/info/68db5d3d34f2c406da6d746a?utm_source=1100&utm_campaign=Marketing,Sandpiper Productions,Marketing
"2026 Management Development Program - Marketing (Brand, Sponsorships, & Creative Strategy)",https://jobright.ai/jobs/info/68db5d12e19b9e63ba20b39a?utm_source=1100&utm_campaign=Marketing,M&T Bank,Marketing
"Project Manager, Molecular Biology",https://jobright.ai/jobs/info/6888a6f2aab47a17f66fc85a?utm_source=1100&utm_campaign=pm,GenScript,Marketing
Project Coordinator (Heavy Industries),https://jobright.ai/jobs/info/68bf15b35c5d5f14f46d3779?utm_source=1100&utm_campaign=pm,Keeley Construction Group,pm
Associate Project Manager,https://jobright.ai/jobs/info/68cea7c6fb49c96ca6ea2ae6?utm_source=1100&utm_campaign=pm,AVI-SPL,pm
Project Coordinator I,https://jobright.ai/jobs/info/68db72809f13662d20e4b608?utm_source=1100&utm_campaign=pm,"TRC Companies, Inc.",pm
Project Manager 1,https://jobright.ai/jobs/info/68db5fb2e19b9e63ba20b43d?utm_source=1100&utm_campaign=pm,Intelliswift - An LTTS Company,pm
Project Coordinator,https://jobright.ai/jobs/info/68db33ee9f13662d20e487b3?utm_source=1100&utm_campaign=pm,"SERVPRO of Barron, Dunn & Rusk Counties",pm
Implementation Project Manager,https://jobright.ai/jobs/info/68db2aa16df7b8311bb1692c?utm_source=1100&utm_campaign=pm,Odoo,pm
Project Coordinator,https://jobright.ai/jobs/info/68db25610dffed6f83d2caf4?utm_source=1100&utm_campaign=pm,HDR,pm
Project Coordinator,https://jobright.ai/jobs/info/68db789834f2c406da6d86f6?utm_source=1100&utm_campaign=pm,Hustle Notice Biz,pm
Project Manager,https://jobright.ai/jobs/info/68db34aee19b9e63ba2094b4?utm_source=1100&utm_campaign=pm,LiveWire,pm
Software Engineer Graduate (Ads Infrastructure-MLDP) - 2026 Start (BS/MS),https://jobright.ai/jobs/info/691571449c388539cbdf3a53?utm_source=1100&utm_campaign=Software Engineering,TikTok,pm
"Network Operations Residency Program, University Graduate, 2026 Start",https://jobright.ai/jobs/info/6920548fa49a885af9a38bf0?utm_source=1100&utm_campaign=Software Engineering,Google,Software Engineering
Service Engineer,https://jobright.ai/jobs/info/68cfedbffb49c96ca6eacb48?utm_source=1100&utm_campaign=Software Engineering,Supermicro,Software Engineering
(New Grad) Software Engineering,https://jobright.ai/jobs/info/68ccee1cd11b445e0bee4649?utm_source=1100&utm_campaign=Software Engineering,Samsara,Software Engineering
Software Engineer Graduate (Global Architecture) - 2026 Start (BS/MS),https://jobright.ai/jobs/info/68cbefad16d00d2beeb17117?utm_source=1100&utm_campaign=Software Engineering,TikTok,Software Engineering
Software Security Engineer (Multiple Levels Available),https://jobright.ai/jobs/info/691ff21709cc522e87746ead?utm_source=1100&utm_campaign=Software Engineering,Qualcomm,Software Engineering
AI Data Specialist - Thai,https://jobright.ai/jobs/info/692053a53f782d2f1afc4e17?utm_source=1100&utm_campaign=Software Engineering,RWS Group,Software Engineering
Technical Support Associate,https://jobright.ai/jobs/info/68ba20095f383274918642d2?utm_source=1100&utm_campaign=Software Engineering,Supermicro,Software Engineering
Networking and Software Solutions Engineer,https://jobright.ai/jobs/info/69194a6645fb6f5ead8a7f70?utm_source=1100&utm_campaign=Software Engineering,Supermicro,Software Engineering
Computer Tech C,https://jobright.ai/jobs/info/691aa2c545fb6f5ead8ac916?utm_source=1100&utm_campaign=Software Engineering,Westinghouse Electric Company,Software Engineering
NetSuite Account Manager - Emerging Markets - Burlington,https://jobright.ai/jobs/info/68ad9a37d627244576e4e1e9?utm_source=1100&utm_campaign=Software Engineering,NetSuite,Software Engineering
"Full-Stack Developer, Junior",https://jobright.ai/jobs/info/68e81e0909580a2fe57f3ea0?utm_source=1100&utm_campaign=Software Engineering,Booz Allen Hamilton,Software Engineering
Technical Support Associate,https://jobright.ai/jobs/info/68f051a299530851ee6ec6bd?utm_source=1100&utm_campaign=Software Engineering,Supermicro,Software Engineering
Logistics and Technical Support Analyst - 6004958,https://jobright.ai/jobs/info/691e8d393f782d2f1afb5cd6?utm_source=1100&utm_campaign=Software Engineering,Accenture,Software Engineering
Software Engineer,https://jobright.ai/jobs/info/691abbffbcdbf3560c9da2eb?utm_source=1100&utm_campaign=Software Engineering,Supermicro,Software Engineering
Software Engineer,https://jobright.ai/jobs/info/691acd38bcdbf3560c9daac5?utm_source=1100&utm_campaign=Software Engineering,Supermicro,Software Engineering
Software Engineer - University Hire 2026,https://jobright.ai/jobs/info/68cf07c0846f0b04af67eb9c?utm_source=1100&utm_campaign=Software Engineering,The Voleon Group,Software Engineering
SQL Developer,https://jobright.ai/jobs/info/691fe1c23f782d2f1afc113d?utm_source=1100&utm_campaign=Software Engineering,Berkshire Hathaway GUARD Insurance Companies,Software Engineering
nCino Business Systems Analyst,https://jobright.ai/jobs/info/691d453ebcdbf3560c9ef358?utm_source=1100&utm_campaign=Software Engineering,Cathay Bank,Software Engineering
Tech Bar Support 6014851,https://jobright.ai/jobs/info/69204c9f00c9ee50eaec11e4?utm_source=1100&utm_campaign=Software Engineering,Accenture,Software Engineering
Tech Bar Support 6014788,https://jobright.ai/jobs/info/692048ed3f782d2f1afc4356?utm_source=1100&utm_campaign=Software Engineering,Accenture,Software Engineering
Logistics and Technical Support Analyst - 6004957,https://jobright.ai/jobs/info/691eabeba49a885af9a2a306?utm_source=1100&utm_campaign=Software Engineering,Accenture,Software Engineering
Software Development Engineer in Test (Python & Networking),https://jobright.ai/jobs/info/69076db063502c0aded86f96?utm_source=1100&utm_campaign=Software Engineering,Akamai Technologies,Software Engineering
Account Manager,https://jobright.ai/jobs/info/68c8992bf9c6ff7aedf109b8?utm_source=1100&utm_campaign=Software Engineering,Supermicro,Software Engineering
"Software Engineer, Associate",https://jobright.ai/jobs/info/69204659a49a885af9a37e30?utm_source=1100&utm_campaign=Software Engineering,Freddie Mac,Software Engineering
Technical Support Associate,https://jobright.ai/jobs/info/68ba1d166105227d1189ae51?utm_source=1100&utm_campaign=Software Engineering,Supermicro,Software Engineering
AI/ML Software Engineer Graduate (Data Platform TikTok BP) - 2026 Start (BS/MS),https://jobright.ai/jobs/info/6916e62f286ccf0a1513a2f6?utm_source=1100&utm_campaign=Software Engineering,TikTok,Software Engineering
Linux Systems Administrator 1/2 - R10215327,https://jobright.ai/jobs/info/692045153f782d2f1afc4198?utm_source=1100&utm_campaign=Software Engineering,Northrop Grumman,Software Engineering
Technical Support Associate,https://jobright.ai/jobs/info/68c9c0fda0c52d598ea3ae29?utm_source=1100&utm_campaign=Software Engineering,Supermicro,Software Engineering
2026 University Graduate - AI Context Engineer,https://jobright.ai/jobs/info/68e83e3ecc49a84b7e104478?utm_source=1100&utm_campaign=Software Engineering,Adobe,Software Engineering
Incident Manager/ Production Support,https://jobright.ai/jobs/info/6902497aff462851fefe188d?utm_source=1100&utm_campaign=Software Engineering,mthree,Software Engineering
Technical Support Associate,https://jobright.ai/jobs/info/691ae1e445fb6f5ead8ae95b?utm_source=1100&utm_campaign=Software Engineering,Supermicro,Software Engineering
Service Readiness Engineer,https://jobright.ai/jobs/info/690da305221b890c278085fa?utm_source=1100&utm_campaign=Software Engineering,AVI-SPL,Software Engineering
"Network Deploy Technician, ID Deploy Optical Team",https://jobright.ai/jobs/info/69203e6a00c9ee50eaec0948?utm_source=1100&utm_campaign=Software Engineering,Amazon Web Services (AWS),Software Engineering
AI Innovation Fellow,https://jobright.ai/jobs/info/69203aea3f782d2f1afc3d48?utm_source=1100&utm_campaign=Software Engineering,Thrive Global,Software Engineering
Windows Systems Administrator - Top Secret - R10215208,https://jobright.ai/jobs/info/692039513f782d2f1afc3ca2?utm_source=1100&utm_campaign=Software Engineering,Northrop Grumman,Software Engineering
Cloud Support Specialist,https://jobright.ai/jobs/info/6909172abcccf20de59d6f0e?utm_source=1100&utm_campaign=Software Engineering,Accenture Federal Services,Software Engineering
Jr. Field Engineer,https://jobright.ai/jobs/info/692033c109cc522e87748c15?utm_source=1100&utm_campaign=Software Engineering,OESC (Oneida ESC Group),Software Engineering
"Data Center Operations Technician,, DCC Communities",https://jobright.ai/jobs/info/6920336a09cc522e87748bfc?utm_source=1100&utm_campaign=Software Engineering,Amazon Web Services (AWS),Software Engineering
"Test Administrator - Fargo, ND (Temporary)",https://jobright.ai/jobs/info/6920312d3f782d2f1afc37c6?utm_source=1100&utm_campaign=Software Engineering,Pearson,Software Engineering
Technical Support Associate,https://jobright.ai/jobs/info/69204f2e00c9ee50eaec14e2?utm_source=1100&utm_campaign=Software Engineering,RemoteHunter,Software Engineering
Data Analyst,https://jobright.ai/jobs/info/69202fe209cc522e87748b03?utm_source=1100&utm_campaign=Software Engineering,JLS ApS,Software Engineering
Software Engineer,https://jobright.ai/jobs/info/69202e813f782d2f1afc36de?utm_source=1100&utm_campaign=Software Engineering,Cresta,Software Engineering
Software Engineer,https://jobright.ai/jobs/info/69202974a49a885af9a371db?utm_source=1100&utm_campaign=Software Engineering,PitchBook,Software Engineering
"Network Deploy Technician, ID Deploy Optical Team",https://jobright.ai/jobs/info/6920293a09cc522e87748706?utm_source=1100&utm_campaign=Software Engineering,Amazon Web Services (AWS),Software Engineering
BVT Analyst_11/21/2025,https://jobright.ai/jobs/info/6920276fa49a885af9a37101?utm_source=1100&utm_campaign=Software Engineering,ADP WFN Test Company 1,Software Engineering
Access Management Analyst,https://jobright.ai/jobs/info/69204e7c00c9ee50eaec140a?utm_source=1100&utm_campaign=Software Engineering,TalentAlly,Software Engineering
"Data Engineer, Product - USDS",https://jobright.ai/jobs/info/692023083f782d2f1afc329a?utm_source=1100&utm_campaign=Software Engineering,TikTok,Software Engineering
"Infrastructure Engineer I (Des Moines, IA)",https://jobright.ai/jobs/info/692020be3f782d2f1afc31bd?utm_source=1100&utm_campaign=Software Engineering,West Des Moines Chamber of Commerce,Software Engineering
GTSG TECHNICIAN 228Q,https://jobright.ai/jobs/info/69201f0f09cc522e8774837e?utm_source=1100&utm_campaign=Software Engineering,UPS,Software Engineering
"Junior Network Administrator, Analyst, Tucson, AZ Onsite",https://jobright.ai/jobs/info/69201c1a09cc522e87748245?utm_source=1100&utm_campaign=Software Engineering,Raytheon,Software Engineering
Full Stack Engineer I,https://jobright.ai/jobs/info/68d70117894705799a2ef9fe?utm_source=1100&utm_campaign=Software Engineering,Flight Schedule Pro,Software Engineering
IT Security Specialist,https://jobright.ai/jobs/info/692019103f782d2f1afc2dac?utm_source=1100&utm_campaign=Software Engineering,Cardinal Delta IT,Software Engineering
1396\- Level 1 Technical Support Associate (Bilingual English\/Spanish),https://jobright.ai/jobs/info/692017baa49a885af9a369a3?utm_source=1100&utm_campaign=Software Engineering,Softgic,Software Engineering
Desktop Support Technician,https://jobright.ai/jobs/info/692016cf3f782d2f1afc2cd1?utm_source=1100&utm_campaign=Software Engineering,Excis Compliance,Software Engineering
AI Trainer - Advanced Korean Fluency,https://jobright.ai/jobs/info/689df69179a9f96662545de5?utm_source=1100&utm_campaign=Software Engineering,Prolific,Software Engineering
"Junior DevOps / SRE 2 - Chicago, IL OR Denver, CO - Onsite",https://jobright.ai/jobs/info/692010f4a49a885af9a36782?utm_source=1100&utm_campaign=Software Engineering,Comcast,Software Engineering
Testing - Job posting,https://jobright.ai/jobs/info/69201089a49a885af9a3674d?utm_source=1100&utm_campaign=Software Engineering,Lever Middleware Test Company,Software Engineering
Junior Support Specialist (Remote in Poland),https://jobright.ai/jobs/info/69200fa5a49a885af9a36688?utm_source=1100&utm_campaign=Software Engineering,Profitroom,Software Engineering
